<?xml version="1.0" encoding="UTF-8"?>
<metadata xml:lang="en"><Esri><CreaDate>20140404</CreaDate><CreaTime>14405900</CreaTime><ArcGISFormat>1.0</ArcGISFormat><SyncOnce>FALSE</SyncOnce><DataProperties><itemProps><itemName Sync="TRUE">SoilParentMateriall_V1_portal1km</itemName><imsContentType Sync="TRUE">002</imsContentType><nativeExtBox><westBL Sync="TRUE">54000.001502</westBL><eastBL Sync="TRUE">656000.003417</eastBL><southBL Sync="TRUE">11000.000534</southBL><northBL Sync="TRUE">1221000.001638</northBL><exTypeCode Sync="TRUE">1</exTypeCode></nativeExtBox><itemSize Sync="TRUE">90.288</itemSize><itemLocation><linkage Sync="FALSE">file://\\kwsan\WorkSpace\Teams\Base_Prod\DIGMAPGB_Plus\Data\12_SOIL_PORTAL\PMM_PORTAL_CONTENT\Portal_PMM\ParentMaterialModel_V1_portal1km.shp</linkage><protocol Sync="TRUE">Local Area Network</protocol></itemLocation></itemProps><coordRef><type Sync="TRUE">Projected</type><geogcsn Sync="TRUE">GCS_OSGB_1936</geogcsn><csUnits Sync="TRUE">Linear Unit: Meter (1.000000)</csUnits><projcsn Sync="TRUE">British_National_Grid</projcsn><peXml Sync="TRUE">&lt;ProjectedCoordinateSystem xsi:type='typens:ProjectedCoordinateSystem' xmlns:xsi='http://www.w3.org/2001/XMLSchema-instance' xmlns:xs='http://www.w3.org/2001/XMLSchema' xmlns:typens='http://www.esri.com/schemas/ArcGIS/10.3'&gt;&lt;WKT&gt;PROJCS[&amp;quot;British_National_Grid&amp;quot;,GEOGCS[&amp;quot;GCS_OSGB_1936&amp;quot;,DATUM[&amp;quot;D_OSGB_1936&amp;quot;,SPHEROID[&amp;quot;Airy_1830&amp;quot;,6377563.396,299.3249646]],PRIMEM[&amp;quot;Greenwich&amp;quot;,0.0],UNIT[&amp;quot;Degree&amp;quot;,0.0174532925199433]],PROJECTION[&amp;quot;Transverse_Mercator&amp;quot;],PARAMETER[&amp;quot;False_Easting&amp;quot;,400000.0],PARAMETER[&amp;quot;False_Northing&amp;quot;,-100000.0],PARAMETER[&amp;quot;Central_Meridian&amp;quot;,-2.0],PARAMETER[&amp;quot;Scale_Factor&amp;quot;,0.9996012717],PARAMETER[&amp;quot;Latitude_Of_Origin&amp;quot;,49.0],UNIT[&amp;quot;Meter&amp;quot;,1.0],AUTHORITY[&amp;quot;EPSG&amp;quot;,27700]]&lt;/WKT&gt;&lt;XOrigin&gt;-5220400&lt;/XOrigin&gt;&lt;YOrigin&gt;-15524400&lt;/YOrigin&gt;&lt;XYScale&gt;450481592.76709664&lt;/XYScale&gt;&lt;ZOrigin&gt;-100000&lt;/ZOrigin&gt;&lt;ZScale&gt;10000&lt;/ZScale&gt;&lt;MOrigin&gt;-100000&lt;/MOrigin&gt;&lt;MScale&gt;10000&lt;/MScale&gt;&lt;XYTolerance&gt;0.001&lt;/XYTolerance&gt;&lt;ZTolerance&gt;0.001&lt;/ZTolerance&gt;&lt;MTolerance&gt;0.001&lt;/MTolerance&gt;&lt;HighPrecision&gt;true&lt;/HighPrecision&gt;&lt;WKID&gt;27700&lt;/WKID&gt;&lt;LatestWKID&gt;27700&lt;/LatestWKID&gt;&lt;/ProjectedCoordinateSystem&gt;</peXml></coordRef><lineage><Process ToolSource="c:\program files (x86)\arcgis\desktop10.1\ArcToolbox\Toolboxes\Data Management Tools.tbx\AddSpatialIndex" Date="20140404" Time="150332">AddSpatialIndex "European Soil Bureau Description" 0 0 0</Process><Process ToolSource="c:\program files (x86)\arcgis\desktop10.1\ArcToolbox\Toolboxes\Data Management Tools.tbx\CalculateField" Date="20140404" Time="150957">CalculateField "European Soil Bureau Description" VERSION "DPSPM_V1_1km" VB #</Process><Process ToolSource="c:\program files (x86)\arcgis\desktop10.1\ArcToolbox\Toolboxes\Data Management Tools.tbx\CalculateField" Date="20140404" Time="151617">CalculateField "European Soil Bureau Description" PMM1K_UID ""bgsn:SPMv1_1k_" &amp; ( [FID] +1)" VB #</Process></lineage></DataProperties><SyncDate>20180627</SyncDate><SyncTime>13431300</SyncTime><ModDate>20180627</ModDate><ModTime>13431300</ModTime></Esri><dataIdInfo><envirDesc Sync="TRUE"> Version 6.2 (Build 9200) ; Esri ArcGIS 10.3.1.4959</envirDesc><dataLang><languageCode value="eng" Sync="TRUE"></languageCode><countryCode value="GBR" Sync="TRUE"></countryCode></dataLang><spatRpType><SpatRepTypCd value="001" Sync="TRUE"></SpatRepTypCd></spatRpType><dataExt><geoEle><GeoBndBox esriExtentType="search"><exTypeCode Sync="TRUE">1</exTypeCode><westBL Sync="TRUE">-8.349305</westBL><eastBL Sync="TRUE">2.705428</eastBL><northBL Sync="TRUE">60.872383</northBL><southBL Sync="TRUE">49.898289</southBL></GeoBndBox><GeoDesc><exTypeCode>1</exTypeCode><geoId><identCode>GREAT BRITAIN [id=139600]</identCode><identAuth><resTitle>BGS Gazetteer</resTitle><resRefDate><refDate>20010101</refDate><refDateType><DateTypCd value="001"></DateTypCd></refDateType></resRefDate></identAuth></geoId></GeoDesc></geoEle><tempEle><TempExtent><exTemp><TM_GeometricPrimitive><TM_Period><begin>1835</begin><end>20140404</end></TM_Period></TM_GeometricPrimitive></exTemp></TempExtent></tempEle><vertEle><vertMinVal>0</vertMinVal><vertMaxVal>2</vertMaxVal><vertUoM><uomName>metre</uomName><conversionToISOstandardUnit>1 Metre = 1 m</conversionToISOstandardUnit></vertUoM><vertDatum><datumID><identCode>Depth below Land survey datum</identCode></datumID></vertDatum></vertEle></dataExt><idAbs>First release of the Soil Parent Material 1 kilometre resolution dataset. This dataset is based upon the original Soil Parent Material dataset published in 2010 (at a sclae of 1:50,000).</idAbs><idStatus><ProgCd value="001"></ProgCd></idStatus><resMaint><maintFreq><MaintFreqCd value="009"></MaintFreqCd></maintFreq></resMaint><tpCat><TopicCatCd value="008"></TopicCatCd></tpCat><suppInfo></suppInfo><resConst><Consts><useLimit>see legal constraints</useLimit></Consts><LegConsts><accessConsts><RestrictCd value="106"></RestrictCd></accessConsts><useConsts><RestrictCd value="001"></RestrictCd></useConsts><othConsts>Data should be available under Open Government licence. It is expected that acknowledgement of data will be made by all users</othConsts></LegConsts></resConst><idPurp>Spatial data created by the British Geological Survey</idPurp><idCredit>British Geological Survey</idCredit><idCitation><resTitle>SoilParentMaterial_V1_portal1km</resTitle><resRefDate><refDate>20140404</refDate><refDateType><DateTypCd value="002"></DateTypCd></refDateType></resRefDate><citRespParty><rpIndName>Lawley,Russell S</rpIndName><rpOrgName>BGS Keyworth</rpOrgName><rpPosName>Geoscientist</rpPosName><role><RoleCd value="003"></RoleCd></role><rpCntInfo><cntAddress><delPoint>Kingsley Dunham Centre</delPoint><city>Keyworth</city><adminArea>Nottinghamshire</adminArea><postCode>NG12 5GG</postCode><country>United Kingdom</country><eMailAdd>enquiries@bgs.ac.uk</eMailAdd></cntAddress><cntPhone><voiceNum>(0115) 9363100</voiceNum></cntPhone></rpCntInfo></citRespParty><collTitle>BGS Spatial Data</collTitle><presForm><PresFormCd value="005" Sync="TRUE"></PresFormCd></presForm></idCitation><descKeys KeyTypCd="005"><keyTyp><KeyTypCd value="005"></KeyTypCd></keyTyp><keyword>Soil textures</keyword><keyword>Soils</keyword><keyword>Geology</keyword><thesaName><resTitle>BGS Geoscience Thesaurus</resTitle><resRefDate><refDate>20010101</refDate><refDateType><DateTypCd value="001"></DateTypCd></refDateType></resRefDate><citRespParty><rpOrgName>British Geological Survey</rpOrgName><rpCntInfo><cntAddress><delPoint>Kingsley Dunham Centre</delPoint><city>Keyworth</city><adminArea>Nottinghamshire</adminArea><postCode>NG12 5GG</postCode><country>United Kingdom</country><eMailAdd>enquiries@bgs.ac.uk</eMailAdd></cntAddress><cntPhone><voiceNum>(0115) 9363100</voiceNum></cntPhone></rpCntInfo><role><RoleCd value="010"></RoleCd></role></citRespParty><presForm><PresFormCd value="001"></PresFormCd></presForm><collTitle>Thesauri</collTitle></thesaName></descKeys><dataScale><scaleDist><value>1000</value><uom><UomScale><uomName>metre</uomName><conversionToISOstandardUnit>1 Metre = 1 m</conversionToISOstandardUnit></UomScale></uom></scaleDist></dataScale><aggrInfo><aggrDSName><resTitle>DiGMapGB50-v6</resTitle></aggrDSName><assocType><AscTypeCd value="004"></AscTypeCd></assocType></aggrInfo><aggrInfo><aggrDSName><resTitle>SPMM v6</resTitle></aggrDSName><assocType><AscTypeCd value="004"></AscTypeCd></assocType></aggrInfo><searchKeys><keyword>Soil textures</keyword><keyword>Soils</keyword><keyword>Geology</keyword></searchKeys></dataIdInfo><mdLang><languageCode value="eng" Sync="TRUE"></languageCode><countryCode value="GBR" Sync="TRUE"></countryCode></mdLang><mdChar><CharSetCd value="004" Sync="TRUE"></CharSetCd></mdChar><distInfo><distFormat><formatName Sync="TRUE">Shapefile</formatName></distFormat><distTranOps><transSize Sync="TRUE">90.288</transSize></distTranOps><distributor><distorFormat><formatName>Data available in various other digital formats</formatName></distorFormat><distorCont><rpOrgName>British Geological Survey</rpOrgName><role><RoleCd value="005"></RoleCd></role></distorCont></distributor></distInfo><mdHrLv><ScopeCd value="005" Sync="TRUE"></ScopeCd></mdHrLv><mdHrLvName Sync="TRUE">dataset</mdHrLvName><refSysInfo><RefSystem><refSysID><identCode code="27700" Sync="TRUE"></identCode><idCodeSpace Sync="TRUE">EPSG</idCodeSpace><idVersion Sync="TRUE">8.6.2</idVersion></refSysID></RefSystem></refSysInfo><spatRepInfo><VectSpatRep><geometObjs Name="SoilParentMateriall_V1_portal1km"><geoObjTyp><GeoObjTypCd value="002" Sync="TRUE"></GeoObjTypCd></geoObjTyp><geoObjCnt Sync="TRUE">241514</geoObjCnt></geometObjs><topLvl><TopoLevCd value="001" Sync="TRUE"></TopoLevCd></topLvl></VectSpatRep></spatRepInfo><spdoinfo><ptvctinf><esriterm Name="SoilParentMateriall_V1_portal1km"><efeatyp Sync="TRUE">Simple</efeatyp><efeageom code="4" Sync="TRUE"></efeageom><esritopo Sync="TRUE">FALSE</esritopo><efeacnt Sync="TRUE">241514</efeacnt><spindex Sync="TRUE">FALSE</spindex><linrefer Sync="TRUE">FALSE</linrefer></esriterm></ptvctinf></spdoinfo><eainfo><detailed Name="SoilParentMateriall_V1_portal1km"><enttyp><enttypl Sync="TRUE">SoilParentMateriall_V1_portal1km</enttypl><enttypt Sync="TRUE">Feature Class</enttypt><enttypc Sync="TRUE">241514</enttypc></enttyp><attr><attrlabl Sync="TRUE">FID</attrlabl><attalias Sync="TRUE">FID</attalias><attrtype Sync="TRUE">OID</attrtype><attwidth Sync="TRUE">4</attwidth><atprecis Sync="TRUE">0</atprecis><attscale Sync="TRUE">0</attscale><attrdef Sync="TRUE">Internal feature number.</attrdef><attrdefs Sync="TRUE">Esri</attrdefs><attrdomv><udom Sync="TRUE">Sequential unique whole numbers that are automatically generated.</udom></attrdomv></attr><attr><attrlabl Sync="TRUE">Shape</attrlabl><attalias Sync="TRUE">Shape</attalias><attrtype Sync="TRUE">Geometry</attrtype><attwidth Sync="TRUE">0</attwidth><atprecis Sync="TRUE">0</atprecis><attscale Sync="TRUE">0</attscale><attrdef Sync="TRUE">Feature geometry.</attrdef><attrdefs Sync="TRUE">Esri</attrdefs><attrdomv><udom Sync="TRUE">Coordinates defining the features.</udom></attrdomv></attr><attr><attrlabl Sync="TRUE">ESB_DESC</attrlabl><attalias Sync="TRUE">ESB_DESC</attalias><attrtype Sync="TRUE">String</attrtype><attwidth Sync="TRUE">55</attwidth><atprecis Sync="TRUE">0</atprecis><attscale Sync="TRUE">0</attscale></attr><attr><attrlabl Sync="TRUE">CARB_CNTNT</attrlabl><attalias Sync="TRUE">CARB_CNTNT</attalias><attrtype Sync="TRUE">String</attrtype><attwidth Sync="TRUE">14</attwidth><atprecis Sync="TRUE">0</atprecis><attscale Sync="TRUE">0</attscale></attr><attr><attrlabl Sync="TRUE">PMM_GRAIN</attrlabl><attalias Sync="TRUE">PMM_GRAIN</attalias><attrtype Sync="TRUE">String</attrtype><attwidth Sync="TRUE">28</attwidth><atprecis Sync="TRUE">0</atprecis><attscale Sync="TRUE">0</attscale></attr><attr><attrlabl Sync="TRUE">SOIL_GROUP</attrlabl><attalias Sync="TRUE">SOIL_GROUP</attalias><attrtype Sync="TRUE">String</attrtype><attwidth Sync="TRUE">38</attwidth><atprecis Sync="TRUE">0</atprecis><attscale Sync="TRUE">0</attscale></attr><attr><attrlabl Sync="TRUE">SOIL_TEX</attrlabl><attalias Sync="TRUE">SOIL_TEX</attalias><attrtype Sync="TRUE">String</attrtype><attwidth Sync="TRUE">50</attwidth><atprecis Sync="TRUE">0</atprecis><attscale Sync="TRUE">0</attscale></attr><attr><attrlabl Sync="TRUE">SOIL_DEPTH</attrlabl><attalias Sync="TRUE">SOIL_DEPTH</attalias><attrtype Sync="TRUE">String</attrtype><attwidth Sync="TRUE">22</attwidth><atprecis Sync="TRUE">0</atprecis><attscale Sync="TRUE">0</attscale></attr><attr><attrlabl Sync="TRUE">PMM1K_UID</attrlabl><attalias Sync="TRUE">PMM1K_UID</attalias><attrtype Sync="TRUE">String</attrtype><attwidth Sync="TRUE">20</attwidth><atprecis Sync="TRUE">0</atprecis><attscale Sync="TRUE">0</attscale></attr><attr><attrlabl Sync="TRUE">VERSION</attrlabl><attalias Sync="TRUE">VERSION</attalias><attrtype Sync="TRUE">String</attrtype><attwidth Sync="TRUE">15</attwidth><atprecis Sync="TRUE">0</atprecis><attscale Sync="TRUE">0</attscale></attr></detailed></eainfo><mdDateSt>20140404</mdDateSt><mdStanName>BGS Metadata (ISO 19115) for ArcGIS10</mdStanName><mdStanVer>BGS Version 4</mdStanVer><bgs><MetaStatus>Verified</MetaStatus><User>rslaw</User><MetaId>b95410ee-24ef-4321-b91b-87b23a00a955</MetaId><BgsId>13606037</BgsId></bgs><dqInfo><dataLineage><statement>dominant parent material (by area) per kilometre square. Extracted by overlaying a 1km vector grid on the Soil parent material dataset (1:50,000 scale). Th e'dominant area assessment and attribution was performed using standard ESRI GIS tools.</statement></dataLineage><dqReport><DQAbsExtPosAcc><measResult><ConResult><conSpec><resTitle>Positional Accuracy Check</resTitle><resRefDate><refDate>20140404</refDate><refDateType><DateTypCd value="003"></DateTypCd></refDateType></resRefDate></conSpec><conExpl>0.5km</conExpl><conPass>1</conPass></ConResult></measResult></DQAbsExtPosAcc><DQNonQuanAttAcc><measResult><ConResult><conSpec><resTitle>Attribute Accuracy Check</resTitle><resRefDate><refDate>20140404</refDate><refDateType><DateTypCd value="003"></DateTypCd></refDateType></resRefDate></conSpec><conExpl>Expert judgement</conExpl><conPass>1</conPass></ConResult></measResult></DQNonQuanAttAcc><DQConcConsis><measResult><ConResult><conSpec><resTitle>Logical Consistency Check</resTitle><resRefDate><refDate>20140404</refDate><refDateType><DateTypCd value="003"></DateTypCd></refDateType></resRefDate></conSpec><conExpl>Expert judgement</conExpl><conPass>1</conPass></ConResult></measResult></DQConcConsis><DQCompOm><measResult><ConResult><conSpec><resTitle>Completeness Check</resTitle><resRefDate><refDate>20140404</refDate><refDateType><DateTypCd value="003"></DateTypCd></refDateType></resRefDate></conSpec><conExpl>Complete</conExpl><conPass>1</conPass></ConResult></measResult></DQCompOm></dqReport><dqScope><scpLvl><ScopeCd value="005"></ScopeCd></scpLvl></dqScope></dqInfo><mdContact><rpIndName>Lawley,Russell S</rpIndName><rpPosName>Geoscientist</rpPosName><rpOrgName>BGS Keyworth</rpOrgName><rpCntInfo><cntAddress><delPoint>Kingsley Dunham Centre</delPoint><city>Keyworth</city><adminArea>Nottinghamshire</adminArea><postCode>NG12 5GG</postCode><country>United Kingdom</country><eMailAdd>enquiries@bgs.ac.uk</eMailAdd></cntAddress><cntPhone><voiceNum>(0115) 9363100</voiceNum></cntPhone></rpCntInfo><role><RoleCd value="007"></RoleCd></role></mdContact></metadata>
